review,sentiment
"Very happy with my purchase, everything works as expected. I tested it for a few days.",Positive
The packaging is standard. My experience may vary with usage.,Neutral
The delivery was fast and the product exceeded my expectations.,Positive
"Very happy with my purchase, everything works as expected. The product matches the listing.",Positive
The delivery was fast and the product exceeded my expectations. This is based on my recent purchase.,Positive
"The product is durable, useful, and well designed. This is based on my recent purchase.",Positive
"Terrible experience, I am completely dissatisfied. Overall, this is my experience.",Negative
Very poor value for money and difficult to use. This is based on my recent purchase.,Negative
Excellent value for money and very easy to use. I tested it for a few days.,Positive
The product has the features mentioned in the description. The product matches the listing.,Neutral
The packaging is standard. I purchased it online.,Neutral
The packaging is standard. My experience may vary with usage.,Neutral
"Excellent value for money and very easy to use. Overall, this is my experience.",Positive
The delivery was late and the product arrived damaged. The product matches the listing.,Negative
"The item is available in different sizes. Overall, this is my experience.",Neutral
"Fantastic experience, I am completely satisfied. I used it at home.",Positive
The packaging is standard.,Neutral
I love this product and would definitely recommend it. My experience may vary with usage.,Positive
"I am unhappy with my purchase and it does not work properly. Overall, this is my experience.",Negative
"Terrible product, it stopped working after a few days. I purchased it online.",Negative
The product has a simple design. My experience may vary with usage.,Neutral
The product quality is poor and I am very disappointed. My experience may vary with usage.,Negative
The delivery was late and the product arrived damaged. The product matches the listing.,Negative
"The product is easy to understand. Overall, this is my experience.",Neutral
Excellent value for money and very easy to use. I tested it for a few days.,Positive
It is an average product for its price. I tested it for a few days.,Neutral
The product feels cheap and poorly designed.,Negative
The product quality is poor and I am very disappointed. This is based on my recent purchase.,Negative
I am unhappy with my purchase and it does not work properly. I purchased it online.,Negative
I regret buying this product and would not recommend it. I tested it for a few days.,Negative
I love this product and would definitely recommend it. The product matches the listing.,Positive
"Fantastic experience, I am completely satisfied. I purchased it online.",Positive
The product quality is poor and I am very disappointed. This is based on my recent purchase.,Negative
"Very happy with my purchase, everything works as expected. I tested it for a few days.",Positive
I am unhappy with my purchase and it does not work properly. I tested it for a few days.,Negative
The delivery was fast and the product exceeded my expectations. I used it at home.,Positive
The delivery took three days.,Neutral
The delivery was fast and the product exceeded my expectations. I used it at home.,Positive
"I regret buying this product and would not recommend it. Overall, this is my experience.",Negative
The product quality is excellent and I am very satisfied. My experience may vary with usage.,Positive
It is an average product for its price. I purchased it online.,Neutral
"The product quality is poor and I am very disappointed. Overall, this is my experience.",Negative
"Very happy with my purchase, everything works as expected. The product matches the listing.",Positive
Very poor value for money and difficult to use. The product matches the listing.,Negative
The product works as described. I used it at home.,Neutral
The item looks premium and performs very well. I purchased it online.,Positive
I love this product and would definitely recommend it. I purchased it online.,Positive
Very poor value for money and difficult to use. The product matches the listing.,Negative
The product feels cheap and poorly designed. I purchased it online.,Negative
The item looks poor and performs badly.,Negative
The item looks premium and performs very well. I tested it for a few days.,Positive
"The product is durable, useful, and well designed. My experience may vary with usage.",Positive
The product has the features mentioned in the description. I used it at home.,Neutral
The product quality is poor and I am very disappointed. I used it at home.,Negative
I love this product and would definitely recommend it. This is based on my recent purchase.,Positive
"Terrible experience, I am completely dissatisfied. I purchased it online.",Negative
"Terrible experience, I am completely dissatisfied.",Negative
The item looks premium and performs very well. The product matches the listing.,Positive
"The product is durable, useful, and well designed. My experience may vary with usage.",Positive
It performs normally for regular use.,Neutral
"Terrible product, it stopped working after a few days. My experience may vary with usage.",Negative
The delivery took three days.,Neutral
Great quality and excellent performance.,Positive
The item looks premium and performs very well. My experience may vary with usage.,Positive
"Amazing product, works perfectly and looks great. This is based on my recent purchase.",Positive
"The product is durable, useful, and well designed. My experience may vary with usage.",Positive
I regret buying this product and would not recommend it. I used it at home.,Negative
I am unhappy with my purchase and it does not work properly. I purchased it online.,Negative
The product is easy to understand. I tested it for a few days.,Neutral
The product is easy to understand. I purchased it online.,Neutral
The product quality is excellent and I am very satisfied. I used it at home.,Positive
The product is easy to understand. My experience may vary with usage.,Neutral
Bad quality and disappointing performance.,Negative
It performs normally for regular use. I used it at home.,Neutral
The product has a simple design. My experience may vary with usage.,Neutral
The product has a simple design. I tested it for a few days.,Neutral
The delivery was late and the product arrived damaged. The product matches the listing.,Negative
The item arrived on time and was properly packed. The product matches the listing.,Neutral
The product feels cheap and poorly designed. I used it at home.,Negative
The item looks premium and performs very well. This is based on my recent purchase.,Positive
The product quality is excellent and I am very satisfied. My experience may vary with usage.,Positive
The product quality is excellent and I am very satisfied. I tested it for a few days.,Positive
The product has a simple design. My experience may vary with usage.,Neutral
The product quality is poor and I am very disappointed.,Negative
It is an average product for its price. The product matches the listing.,Neutral
The item is available in different sizes.,Neutral
The item arrived on time and was properly packed. I tested it for a few days.,Neutral
"Amazing product, works perfectly and looks great. I tested it for a few days.",Positive
The product has a simple design. This is based on my recent purchase.,Neutral
"I love this product and would definitely recommend it. Overall, this is my experience.",Positive
The delivery was fast and the product exceeded my expectations. My experience may vary with usage.,Positive
The delivery was late and the product arrived damaged. My experience may vary with usage.,Negative
The item looks poor and performs badly. I tested it for a few days.,Negative
Very poor value for money and difficult to use. The product matches the listing.,Negative
The item looks poor and performs badly. This is based on my recent purchase.,Negative
I love this product and would definitely recommend it. I used it at home.,Positive
"Very happy with my purchase, everything works as expected. I tested it for a few days.",Positive
It performs normally for regular use.,Neutral
The item is available in different sizes. This is based on my recent purchase.,Neutral
Great quality and excellent performance. I purchased it online.,Positive
The product feels cheap and poorly designed. I tested it for a few days.,Negative
The product works as described.,Neutral
The product quality is poor and I am very disappointed. I tested it for a few days.,Negative
The packaging is standard. I used it at home.,Neutral
"Great quality and excellent performance. Overall, this is my experience.",Positive
I regret buying this product and would not recommend it. I tested it for a few days.,Negative
Bad quality and disappointing performance. I tested it for a few days.,Negative
The product is easy to understand. This is based on my recent purchase.,Neutral
"Excellent value for money and very easy to use. Overall, this is my experience.",Positive
Very poor value for money and difficult to use. I used it at home.,Negative
"Fantastic experience, I am completely satisfied. This is based on my recent purchase.",Positive
It is an average product for its price.,Neutral
Excellent value for money and very easy to use. My experience may vary with usage.,Positive
"Amazing product, works perfectly and looks great. I used it at home.",Positive
It is an average product for its price. I purchased it online.,Neutral
The product has the features mentioned in the description.,Neutral
The packaging is standard. I used it at home.,Neutral
Excellent value for money and very easy to use. I purchased it online.,Positive
"Fantastic experience, I am completely satisfied. The product matches the listing.",Positive
I am unhappy with my purchase and it does not work properly.,Negative
The item looks premium and performs very well. My experience may vary with usage.,Positive
I am unhappy with my purchase and it does not work properly.,Negative
The item is available in different sizes.,Neutral
The item looks poor and performs badly. This is based on my recent purchase.,Negative
The product feels cheap and poorly designed.,Negative
The product has the features mentioned in the description. I purchased it online.,Neutral
The item looks poor and performs badly. The product matches the listing.,Negative
The item looks poor and performs badly. I purchased it online.,Negative
The delivery was fast and the product exceeded my expectations. I tested it for a few days.,Positive
The product quality is poor and I am very disappointed. The product matches the listing.,Negative
"Terrible product, it stopped working after a few days. The product matches the listing.",Negative
"The delivery was fast and the product exceeded my expectations. Overall, this is my experience.",Positive
"The delivery was fast and the product exceeded my expectations. Overall, this is my experience.",Positive
The product has a simple design. My experience may vary with usage.,Neutral
The product quality is poor and I am very disappointed.,Negative
"Excellent value for money and very easy to use. Overall, this is my experience.",Positive
"Terrible experience, I am completely dissatisfied. This is based on my recent purchase.",Negative
I regret buying this product and would not recommend it. I purchased it online.,Negative
The product has the features mentioned in the description. This is based on my recent purchase.,Neutral
It is an average product for its price. I purchased it online.,Neutral
The product quality is excellent and I am very satisfied. I tested it for a few days.,Positive
It is an average product for its price. My experience may vary with usage.,Neutral
"Amazing product, works perfectly and looks great. This is based on my recent purchase.",Positive
The delivery was late and the product arrived damaged. This is based on my recent purchase.,Negative
"The item looks premium and performs very well. Overall, this is my experience.",Positive
"Fantastic experience, I am completely satisfied. I tested it for a few days.",Positive
The product has a simple design. The product matches the listing.,Neutral
Bad quality and disappointing performance. I tested it for a few days.,Negative
"Terrible product, it stopped working after a few days. My experience may vary with usage.",Negative
It performs normally for regular use. I used it at home.,Neutral
Bad quality and disappointing performance. I purchased it online.,Negative
The product quality is excellent and I am very satisfied. The product matches the listing.,Positive
"It performs normally for regular use. Overall, this is my experience.",Neutral
The item looks poor and performs badly.,Negative
The product has the features mentioned in the description. I tested it for a few days.,Neutral
It performs normally for regular use. This is based on my recent purchase.,Neutral
Bad quality and disappointing performance. I used it at home.,Negative
The product quality is excellent and I am very satisfied. I tested it for a few days.,Positive
It is an average product for its price. The product matches the listing.,Neutral
"Very happy with my purchase, everything works as expected. This is based on my recent purchase.",Positive
"Fantastic experience, I am completely satisfied. I tested it for a few days.",Positive
The delivery was late and the product arrived damaged. My experience may vary with usage.,Negative
"I regret buying this product and would not recommend it. Overall, this is my experience.",Negative
"Terrible experience, I am completely dissatisfied. This is based on my recent purchase.",Negative
It is an average product for its price.,Neutral
"Terrible experience, I am completely dissatisfied. I tested it for a few days.",Negative
"Very happy with my purchase, everything works as expected.",Positive
The delivery was late and the product arrived damaged. This is based on my recent purchase.,Negative
The packaging is standard. I tested it for a few days.,Neutral
The delivery took three days. The product matches the listing.,Neutral
The product feels cheap and poorly designed. This is based on my recent purchase.,Negative
The product quality is poor and I am very disappointed. I used it at home.,Negative
The item arrived on time and was properly packed. I used it at home.,Neutral
Great quality and excellent performance. I tested it for a few days.,Positive
"Amazing product, works perfectly and looks great. The product matches the listing.",Positive
The delivery was fast and the product exceeded my expectations. I purchased it online.,Positive
The product quality is poor and I am very disappointed. I used it at home.,Negative
Great quality and excellent performance. I used it at home.,Positive
"The delivery took three days. Overall, this is my experience.",Neutral
The product works as described. I purchased it online.,Neutral
The item looks poor and performs badly. I purchased it online.,Negative
The product quality is poor and I am very disappointed. I used it at home.,Negative
"Bad quality and disappointing performance. Overall, this is my experience.",Negative
The delivery took three days. I tested it for a few days.,Neutral
The item is available in different sizes. My experience may vary with usage.,Neutral
Great quality and excellent performance. I used it at home.,Positive
"The product quality is excellent and I am very satisfied. Overall, this is my experience.",Positive
It performs normally for regular use.,Neutral
The product quality is excellent and I am very satisfied.,Positive
The item looks poor and performs badly. I tested it for a few days.,Negative
It performs normally for regular use. This is based on my recent purchase.,Neutral
"The item looks poor and performs badly. Overall, this is my experience.",Negative
The delivery was late and the product arrived damaged.,Negative
The product has a simple design.,Neutral
I love this product and would definitely recommend it.,Positive
"I am unhappy with my purchase and it does not work properly. Overall, this is my experience.",Negative
The product quality is excellent and I am very satisfied. My experience may vary with usage.,Positive
Excellent value for money and very easy to use.,Positive
"Terrible experience, I am completely dissatisfied. I tested it for a few days.",Negative
The item is available in different sizes. I used it at home.,Neutral
"Terrible product, it stopped working after a few days. This is based on my recent purchase.",Negative
The item looks poor and performs badly. I used it at home.,Negative
The delivery took three days. The product matches the listing.,Neutral
The product has the features mentioned in the description.,Neutral
The delivery was late and the product arrived damaged. I tested it for a few days.,Negative
It is an average product for its price. My experience may vary with usage.,Neutral
"Very happy with my purchase, everything works as expected. This is based on my recent purchase.",Positive
"Very happy with my purchase, everything works as expected. The product matches the listing.",Positive
Bad quality and disappointing performance. This is based on my recent purchase.,Negative
"Amazing product, works perfectly and looks great.",Positive
It performs normally for regular use. My experience may vary with usage.,Neutral
The product works as described. My experience may vary with usage.,Neutral
The product works as described. I purchased it online.,Neutral
Very poor value for money and difficult to use. I used it at home.,Negative
The item is available in different sizes. The product matches the listing.,Neutral
"The product is easy to understand. Overall, this is my experience.",Neutral
The item looks poor and performs badly. This is based on my recent purchase.,Negative
"It is an average product for its price. Overall, this is my experience.",Neutral
It is an average product for its price. I used it at home.,Neutral
"Amazing product, works perfectly and looks great. The product matches the listing.",Positive
Very poor value for money and difficult to use.,Negative
The product is easy to understand. I purchased it online.,Neutral
"Excellent value for money and very easy to use. Overall, this is my experience.",Positive
It is an average product for its price. This is based on my recent purchase.,Neutral
I love this product and would definitely recommend it. I tested it for a few days.,Positive
The item arrived on time and was properly packed. My experience may vary with usage.,Neutral
I love this product and would definitely recommend it. My experience may vary with usage.,Positive
The product quality is poor and I am very disappointed. I used it at home.,Negative
Bad quality and disappointing performance. The product matches the listing.,Negative
It performs normally for regular use. My experience may vary with usage.,Neutral
It performs normally for regular use. I used it at home.,Neutral
It is an average product for its price. I purchased it online.,Neutral
Very poor value for money and difficult to use. I tested it for a few days.,Negative
The product has a simple design. The product matches the listing.,Neutral
The item looks premium and performs very well. I tested it for a few days.,Positive
The product has the features mentioned in the description. My experience may vary with usage.,Neutral
I love this product and would definitely recommend it. I purchased it online.,Positive
The packaging is standard. I used it at home.,Neutral
I am unhappy with my purchase and it does not work properly. My experience may vary with usage.,Negative
I am unhappy with my purchase and it does not work properly. I used it at home.,Negative
The item is available in different sizes.,Neutral
The item looks premium and performs very well. I purchased it online.,Positive
"The product quality is excellent and I am very satisfied. Overall, this is my experience.",Positive
I am unhappy with my purchase and it does not work properly. This is based on my recent purchase.,Negative
The item looks poor and performs badly. I used it at home.,Negative
I regret buying this product and would not recommend it. My experience may vary with usage.,Negative
Great quality and excellent performance. I tested it for a few days.,Positive
The product is easy to understand. I purchased it online.,Neutral
Great quality and excellent performance. The product matches the listing.,Positive
The delivery was fast and the product exceeded my expectations.,Positive
The product quality is poor and I am very disappointed. I purchased it online.,Negative
"The product has the features mentioned in the description. Overall, this is my experience.",Neutral
The product has a simple design. I purchased it online.,Neutral
The product is easy to understand. This is based on my recent purchase.,Neutral
It is an average product for its price. I tested it for a few days.,Neutral
"Amazing product, works perfectly and looks great. I used it at home.",Positive
The delivery was late and the product arrived damaged.,Negative
"The product has a simple design. Overall, this is my experience.",Neutral
"Very happy with my purchase, everything works as expected. This is based on my recent purchase.",Positive
"The item looks poor and performs badly. Overall, this is my experience.",Negative
"Terrible product, it stopped working after a few days.",Negative
The product has a simple design. This is based on my recent purchase.,Neutral
"Fantastic experience, I am completely satisfied. I used it at home.",Positive
Very poor value for money and difficult to use. I purchased it online.,Negative
"Amazing product, works perfectly and looks great. I tested it for a few days.",Positive
The packaging is standard. My experience may vary with usage.,Neutral
It is an average product for its price. My experience may vary with usage.,Neutral
The product works as described. I tested it for a few days.,Neutral
It is an average product for its price. My experience may vary with usage.,Neutral
The item looks premium and performs very well. I purchased it online.,Positive
Very poor value for money and difficult to use. I purchased it online.,Negative
The item is available in different sizes. I purchased it online.,Neutral
Excellent value for money and very easy to use. I used it at home.,Positive
The product works as described. My experience may vary with usage.,Neutral
"Fantastic experience, I am completely satisfied. Overall, this is my experience.",Positive
"Terrible product, it stopped working after a few days. This is based on my recent purchase.",Negative
The delivery was late and the product arrived damaged.,Negative
"Terrible product, it stopped working after a few days. I used it at home.",Negative
"Terrible experience, I am completely dissatisfied. I tested it for a few days.",Negative
The product has the features mentioned in the description. I tested it for a few days.,Neutral
The item looks premium and performs very well. I purchased it online.,Positive
The delivery was fast and the product exceeded my expectations. I tested it for a few days.,Positive
Very poor value for money and difficult to use.,Negative
It performs normally for regular use. I purchased it online.,Neutral
The product has the features mentioned in the description.,Neutral
It performs normally for regular use. I purchased it online.,Neutral
It is an average product for its price. I used it at home.,Neutral
The product quality is excellent and I am very satisfied.,Positive
The product feels cheap and poorly designed. The product matches the listing.,Negative
The delivery was late and the product arrived damaged. The product matches the listing.,Negative
Excellent value for money and very easy to use. I tested it for a few days.,Positive
"Great quality and excellent performance. Overall, this is my experience.",Positive
"Terrible product, it stopped working after a few days. I tested it for a few days.",Negative
The packaging is standard. My experience may vary with usage.,Neutral
"Terrible experience, I am completely dissatisfied. I used it at home.",Negative
"Fantastic experience, I am completely satisfied. I purchased it online.",Positive
The delivery took three days. This is based on my recent purchase.,Neutral
The product works as described. The product matches the listing.,Neutral
The delivery was fast and the product exceeded my expectations. The product matches the listing.,Positive
Excellent value for money and very easy to use. I purchased it online.,Positive
"Very happy with my purchase, everything works as expected. Overall, this is my experience.",Positive
"The product is durable, useful, and well designed. I tested it for a few days.",Positive
The product has the features mentioned in the description. This is based on my recent purchase.,Neutral
Very poor value for money and difficult to use. I used it at home.,Negative
The product quality is excellent and I am very satisfied. I used it at home.,Positive
The product feels cheap and poorly designed. This is based on my recent purchase.,Negative
The product quality is excellent and I am very satisfied. This is based on my recent purchase.,Positive
Very poor value for money and difficult to use.,Negative
The item looks premium and performs very well. I used it at home.,Positive
I regret buying this product and would not recommend it. My experience may vary with usage.,Negative
I am unhappy with my purchase and it does not work properly. I purchased it online.,Negative
"I love this product and would definitely recommend it. Overall, this is my experience.",Positive
I am unhappy with my purchase and it does not work properly. I used it at home.,Negative
The packaging is standard. I used it at home.,Neutral
The product has the features mentioned in the description. I tested it for a few days.,Neutral
The product has the features mentioned in the description. I used it at home.,Neutral
I regret buying this product and would not recommend it. This is based on my recent purchase.,Negative
I love this product and would definitely recommend it. This is based on my recent purchase.,Positive
"Fantastic experience, I am completely satisfied. I used it at home.",Positive
I am unhappy with my purchase and it does not work properly. I purchased it online.,Negative
"Very happy with my purchase, everything works as expected.",Positive
The delivery was late and the product arrived damaged. The product matches the listing.,Negative
The product is easy to understand. My experience may vary with usage.,Neutral
"Amazing product, works perfectly and looks great. Overall, this is my experience.",Positive
The packaging is standard. The product matches the listing.,Neutral
Great quality and excellent performance. I tested it for a few days.,Positive
"Terrible product, it stopped working after a few days. The product matches the listing.",Negative
The product is easy to understand. I tested it for a few days.,Neutral
It performs normally for regular use. This is based on my recent purchase.,Neutral
The packaging is standard. This is based on my recent purchase.,Neutral
"Very poor value for money and difficult to use. Overall, this is my experience.",Negative
The delivery took three days. The product matches the listing.,Neutral
The product works as described. I tested it for a few days.,Neutral
"Amazing product, works perfectly and looks great. I tested it for a few days.",Positive
The product quality is excellent and I am very satisfied.,Positive
Bad quality and disappointing performance. My experience may vary with usage.,Negative
The product quality is excellent and I am very satisfied. The product matches the listing.,Positive
"Terrible product, it stopped working after a few days. Overall, this is my experience.",Negative
The delivery was late and the product arrived damaged. I used it at home.,Negative
It performs normally for regular use. This is based on my recent purchase.,Neutral
The product quality is poor and I am very disappointed. This is based on my recent purchase.,Negative
The product feels cheap and poorly designed. My experience may vary with usage.,Negative
The item looks premium and performs very well. My experience may vary with usage.,Positive
"Terrible product, it stopped working after a few days. I used it at home.",Negative
The product has the features mentioned in the description. I used it at home.,Neutral
The packaging is standard. I purchased it online.,Neutral
The packaging is standard. My experience may vary with usage.,Neutral
Excellent value for money and very easy to use. The product matches the listing.,Positive
The item looks premium and performs very well. My experience may vary with usage.,Positive
"Fantastic experience, I am completely satisfied. The product matches the listing.",Positive
"The product is durable, useful, and well designed. I purchased it online.",Positive
The product quality is poor and I am very disappointed. I used it at home.,Negative
The delivery was late and the product arrived damaged. The product matches the listing.,Negative
The product quality is excellent and I am very satisfied. This is based on my recent purchase.,Positive
The item arrived on time and was properly packed. My experience may vary with usage.,Neutral
"The product is easy to understand. Overall, this is my experience.",Neutral
"Terrible product, it stopped working after a few days. This is based on my recent purchase.",Negative
I regret buying this product and would not recommend it. My experience may vary with usage.,Negative
The item looks poor and performs badly. My experience may vary with usage.,Negative
The product feels cheap and poorly designed. I used it at home.,Negative
The item looks premium and performs very well. I used it at home.,Positive
The product quality is poor and I am very disappointed. I tested it for a few days.,Negative
The product is easy to understand. I tested it for a few days.,Neutral
Excellent value for money and very easy to use. I purchased it online.,Positive
"The delivery took three days. Overall, this is my experience.",Neutral
It performs normally for regular use. My experience may vary with usage.,Neutral
The delivery was fast and the product exceeded my expectations. The product matches the listing.,Positive
The item looks poor and performs badly. I tested it for a few days.,Negative
"Very poor value for money and difficult to use. Overall, this is my experience.",Negative
"Terrible product, it stopped working after a few days. The product matches the listing.",Negative
The delivery was late and the product arrived damaged. I used it at home.,Negative
"It performs normally for regular use. Overall, this is my experience.",Neutral
The product has a simple design. I used it at home.,Neutral
It performs normally for regular use. I used it at home.,Neutral
It is an average product for its price.,Neutral
Bad quality and disappointing performance. I tested it for a few days.,Negative
I love this product and would definitely recommend it. I tested it for a few days.,Positive
"Very happy with my purchase, everything works as expected.",Positive
Excellent value for money and very easy to use. I purchased it online.,Positive
The delivery was late and the product arrived damaged. I used it at home.,Negative
Excellent value for money and very easy to use. My experience may vary with usage.,Positive
The packaging is standard.,Neutral
The delivery was fast and the product exceeded my expectations. I tested it for a few days.,Positive
The product quality is excellent and I am very satisfied. I tested it for a few days.,Positive
The product feels cheap and poorly designed. I tested it for a few days.,Negative
It is an average product for its price. I used it at home.,Neutral
The product has a simple design. My experience may vary with usage.,Neutral
The delivery was late and the product arrived damaged. I tested it for a few days.,Negative
"The product is easy to understand. Overall, this is my experience.",Neutral
The item arrived on time and was properly packed. This is based on my recent purchase.,Neutral
The delivery was fast and the product exceeded my expectations. My experience may vary with usage.,Positive
The delivery took three days. I used it at home.,Neutral
The product feels cheap and poorly designed. My experience may vary with usage.,Negative
"It is an average product for its price. Overall, this is my experience.",Neutral
The product has a simple design.,Neutral
It performs normally for regular use. I tested it for a few days.,Neutral
I am unhappy with my purchase and it does not work properly. This is based on my recent purchase.,Negative
The delivery was fast and the product exceeded my expectations. I tested it for a few days.,Positive
The product has the features mentioned in the description. I purchased it online.,Neutral
Bad quality and disappointing performance. My experience may vary with usage.,Negative
The item looks premium and performs very well.,Positive
The product feels cheap and poorly designed. My experience may vary with usage.,Negative
The packaging is standard. I tested it for a few days.,Neutral
The product is easy to understand. I used it at home.,Neutral
Excellent value for money and very easy to use. I purchased it online.,Positive
It is an average product for its price. I purchased it online.,Neutral
"Fantastic experience, I am completely satisfied. Overall, this is my experience.",Positive
"The item looks poor and performs badly. Overall, this is my experience.",Negative
Very poor value for money and difficult to use. I tested it for a few days.,Negative
The product quality is excellent and I am very satisfied. I used it at home.,Positive
The item looks poor and performs badly. The product matches the listing.,Negative
"Terrible product, it stopped working after a few days. My experience may vary with usage.",Negative
The item looks poor and performs badly. I tested it for a few days.,Negative
The product works as described. My experience may vary with usage.,Neutral
It is an average product for its price. My experience may vary with usage.,Neutral
"The product is durable, useful, and well designed. My experience may vary with usage.",Positive
The product has a simple design. The product matches the listing.,Neutral
The delivery took three days. The product matches the listing.,Neutral
"Very happy with my purchase, everything works as expected. I purchased it online.",Positive
"The item arrived on time and was properly packed. Overall, this is my experience.",Neutral
I love this product and would definitely recommend it. I tested it for a few days.,Positive
The product has the features mentioned in the description. The product matches the listing.,Neutral
Great quality and excellent performance. I tested it for a few days.,Positive
Great quality and excellent performance.,Positive
The product is easy to understand. I used it at home.,Neutral
Excellent value for money and very easy to use. The product matches the listing.,Positive
"Terrible product, it stopped working after a few days. The product matches the listing.",Negative
The item looks poor and performs badly. I purchased it online.,Negative
"Terrible product, it stopped working after a few days. I tested it for a few days.",Negative
"Terrible experience, I am completely dissatisfied.",Negative
It is an average product for its price. This is based on my recent purchase.,Neutral
I love this product and would definitely recommend it. I used it at home.,Positive
The product feels cheap and poorly designed. I used it at home.,Negative
"Fantastic experience, I am completely satisfied. I used it at home.",Positive
The delivery was late and the product arrived damaged. I used it at home.,Negative
The delivery was fast and the product exceeded my expectations. My experience may vary with usage.,Positive
I regret buying this product and would not recommend it. My experience may vary with usage.,Negative
Very poor value for money and difficult to use. This is based on my recent purchase.,Negative
The item is available in different sizes. This is based on my recent purchase.,Neutral
The delivery was fast and the product exceeded my expectations. I purchased it online.,Positive
The product has the features mentioned in the description.,Neutral
"Excellent value for money and very easy to use. Overall, this is my experience.",Positive
The delivery was late and the product arrived damaged.,Negative
The product feels cheap and poorly designed.,Negative
The packaging is standard. I purchased it online.,Neutral
"The product quality is poor and I am very disappointed. Overall, this is my experience.",Negative
Excellent value for money and very easy to use. I tested it for a few days.,Positive
Very poor value for money and difficult to use.,Negative
The delivery took three days. I used it at home.,Neutral
The product is easy to understand. I used it at home.,Neutral
I am unhappy with my purchase and it does not work properly. I tested it for a few days.,Negative
The packaging is standard. The product matches the listing.,Neutral
Great quality and excellent performance. I used it at home.,Positive
The delivery was fast and the product exceeded my expectations. I used it at home.,Positive
It performs normally for regular use. I used it at home.,Neutral
The item looks poor and performs badly.,Negative
The packaging is standard. My experience may vary with usage.,Neutral
The product has the features mentioned in the description. I used it at home.,Neutral
"The product is durable, useful, and well designed. I tested it for a few days.",Positive
"The item arrived on time and was properly packed. Overall, this is my experience.",Neutral
It performs normally for regular use. I purchased it online.,Neutral
"Amazing product, works perfectly and looks great. I tested it for a few days.",Positive
The product has a simple design. My experience may vary with usage.,Neutral
It is an average product for its price. The product matches the listing.,Neutral
The delivery was fast and the product exceeded my expectations.,Positive
Very poor value for money and difficult to use. I tested it for a few days.,Negative
The delivery was late and the product arrived damaged. I purchased it online.,Negative
Great quality and excellent performance. I purchased it online.,Positive
"The delivery was late and the product arrived damaged. Overall, this is my experience.",Negative
The product works as described.,Neutral
It is an average product for its price. I purchased it online.,Neutral
"The product is easy to understand. Overall, this is my experience.",Neutral
The product has a simple design. I used it at home.,Neutral
"Amazing product, works perfectly and looks great.",Positive
The product feels cheap and poorly designed. This is based on my recent purchase.,Negative
"The product is durable, useful, and well designed.",Positive
The delivery was late and the product arrived damaged.,Negative
I am unhappy with my purchase and it does not work properly.,Negative
"The product is durable, useful, and well designed. The product matches the listing.",Positive
"Amazing product, works perfectly and looks great. I used it at home.",Positive
I love this product and would definitely recommend it. I purchased it online.,Positive
Great quality and excellent performance. My experience may vary with usage.,Positive
Great quality and excellent performance. I purchased it online.,Positive
I regret buying this product and would not recommend it.,Negative
The delivery was late and the product arrived damaged. I tested it for a few days.,Negative
The delivery was fast and the product exceeded my expectations. My experience may vary with usage.,Positive
The delivery was late and the product arrived damaged. I tested it for a few days.,Negative
The product is easy to understand.,Neutral
The packaging is standard. The product matches the listing.,Neutral
"The delivery took three days. Overall, this is my experience.",Neutral
I love this product and would definitely recommend it.,Positive
The packaging is standard. My experience may vary with usage.,Neutral
Excellent value for money and very easy to use. I used it at home.,Positive
The product quality is excellent and I am very satisfied. I used it at home.,Positive
Excellent value for money and very easy to use. I used it at home.,Positive
"Fantastic experience, I am completely satisfied.",Positive
The product works as described. The product matches the listing.,Neutral
"Very happy with my purchase, everything works as expected. My experience may vary with usage.",Positive
I love this product and would definitely recommend it. My experience may vary with usage.,Positive
Bad quality and disappointing performance. I purchased it online.,Negative
